nodes;pipe 1;pipe 2;reduction_time;kernel_time;hs_st_time;k;st_result;ke_result;equal;ke_nodes;ke_edges;c_par;density;reduced_nodes;reduced_edges;pipe_1_timeout;pipe_2_timeout;
200;-1;0.25;0.187;0.063;0.0;1;-1;0;-1;0;1;2;2.955;200;568;-1;0;
200;-1;0.187;0.156;0.031;0.0;1;-1;0;-1;0;1;2;2.95;200;587;-1;0;
200;-1;0.125;0.094;0.031;0.0;1;-1;0;-1;0;1;2;2.95;200;539;-1;0;
200;-1;0.124;0.093;0.031;0.0;1;-1;0;-1;0;1;2;2.955;200;567;-1;0;
200;-1;0.11;0.094;0.016;0.0;1;-1;0;-1;0;1;2;2.95;200;581;-1;0;
200;-1;0.094;0.063;0.015;0.016;1;-1;0;-1;0;1;2;2.95;200;581;-1;0;
200;-1;0.094;0.078;0.016;0.0;1;-1;0;-1;0;1;2;2.95;200;576;-1;0;
200;-1;0.094;0.078;0.016;0.0;1;-1;0;-1;0;1;2;2.955;200;569;-1;0;
200;-1;0.078;0.047;0.031;0.0;1;-1;0;-1;0;1;2;2.95;200;583;-1;0;
200;-1;0.08499999999999999;0.054;0.031;0.0;1;-1;0;-1;0;1;2;2.955;200;571;-1;0;
200;-1;0.219;0.187;0.032;0.0;2;-1;0;-1;1;1;2;2.955;200;568;-1;0;
200;-1;0.17099999999999999;0.156;0.015;0.0;2;-1;0;-1;1;1;2;2.95;200;587;-1;0;
200;-1;0.109;0.094;0.015;0.0;2;-1;0;-1;1;1;2;2.95;200;539;-1;0;
200;-1;0.125;0.093;0.032;0.0;2;-1;0;-1;1;1;2;2.955;200;567;-1;0;
200;-1;0.125;0.094;0.031;0.0;2;-1;0;-1;1;1;2;2.95;200;581;-1;0;
200;-1;0.078;0.063;0.015;0.0;2;-1;0;-1;1;1;2;2.95;200;581;-1;0;
200;-1;0.109;0.078;0.031;0.0;2;-1;0;-1;1;1;2;2.95;200;576;-1;0;
200;-1;0.11;0.078;0.032;0.0;2;-1;0;-1;1;1;2;2.955;200;569;-1;0;
200;-1;0.078;0.047;0.031;0.0;2;-1;0;-1;1;1;2;2.95;200;583;-1;0;
200;-1;0.08499999999999999;0.054;0.031;0.0;2;-1;0;-1;1;1;2;2.955;200;571;-1;0;
200;-1;0.218;0.187;0.031;0.0;3;-1;0;-1;1;1;2;2.955;200;568;-1;0;
200;-1;0.188;0.156;0.032;0.0;3;-1;0;-1;2;1;2;2.95;200;587;-1;0;
200;-1;0.109;0.094;0.015;0.0;3;-1;0;-1;2;1;2;2.95;200;539;-1;0;
200;-1;0.124;0.093;0.031;0.0;3;-1;0;-1;5;7;2;2.955;200;567;-1;0;
200;-1;0.11;0.094;0.016;0.0;3;-1;0;-1;2;1;2;2.95;200;581;-1;0;
200;-1;0.079;0.063;0.016;0.0;3;-1;0;-1;1;1;2;2.95;200;581;-1;0;
200;-1;0.094;0.078;0.016;0.0;3;-1;0;-1;4;5;2;2.95;200;576;-1;0;
200;-1;0.094;0.078;0.016;0.0;3;-1;0;-1;2;1;2;2.955;200;569;-1;0;
200;-1;0.078;0.047;0.015;0.016;3;-1;0;-1;2;1;2;2.95;200;583;-1;0;
200;-1;0.07;0.054;0.016;0.0;3;-1;0;-1;2;1;2;2.955;200;571;-1;0;
200;-1;0.202;0.187;0.015;0.0;4;-1;0;-1;2;1;2;2.955;200;568;-1;0;
200;-1;0.188;0.156;0.032;0.0;4;-1;0;-1;2;1;2;2.95;200;587;-1;0;
200;-1;0.109;0.094;0.015;0.0;4;-1;0;-1;3;1;2;2.95;200;539;-1;0;
200;-1;0.109;0.093;0.016;0.0;4;-1;0;-1;5;7;2;2.955;200;567;-1;0;
200;-1;0.125;0.094;0.015;0.016;4;-1;0;-1;3;1;2;2.95;200;581;-1;0;
200;-1;0.079;0.063;0.016;0.0;4;-1;0;-1;5;6;2;2.95;200;581;-1;0;
200;-1;0.093;0.078;0.015;0.0;4;-1;0;-1;4;5;2;2.95;200;576;-1;0;
200;-1;0.093;0.078;0.015;0.0;4;-1;0;-1;3;1;2;2.955;200;569;-1;0;
200;-1;0.063;0.047;0.016;0.0;4;-1;0;-1;3;1;2;2.95;200;583;-1;0;
200;-1;0.07;0.054;0.016;0.0;4;-1;0;-1;2;1;2;2.955;200;571;-1;0;
200;-1;0.203;0.187;0.016;0.0;5;-1;0;-1;6;5;2;2.955;200;568;-1;0;
200;-1;0.187;0.156;0.031;0.0;5;-1;0;-1;4;3;2;2.95;200;587;-1;0;
200;-1;0.11;0.094;0.016;0.0;5;-1;0;-1;4;1;2;2.95;200;539;-1;0;
200;-1;0.108;0.093;0.015;0.0;5;-1;0;-1;6;7;2;2.955;200;567;-1;0;
200;-1;0.11;0.094;0.016;0.0;5;-1;0;-1;4;1;2;2.95;200;581;-1;0;
200;-1;0.078;0.063;0.015;0.0;5;-1;0;-1;6;7;2;2.95;200;581;-1;0;
200;-1;0.11;0.078;0.032;0.0;5;-1;0;-1;6;5;2;2.95;200;576;-1;0;
200;-1;0.094;0.078;0.016;0.0;5;-1;0;-1;3;1;2;2.955;200;569;-1;0;
200;-1;0.063;0.047;0.016;0.0;5;-1;0;-1;4;3;2;2.95;200;583;-1;0;
200;-1;0.069;0.054;0.015;0.0;5;-1;0;-1;7;8;2;2.955;200;571;-1;0;
200;-1;0.202;0.187;0.015;0.0;6;-1;0;-1;7;6;2;2.955;200;568;-1;0;
200;-1;0.172;0.156;0.016;0.0;6;-1;0;-1;5;4;2;2.95;200;587;-1;0;
200;-1;0.109;0.094;0.015;0.0;6;-1;0;-1;4;1;2;2.95;200;539;-1;0;
200;-1;0.124;0.093;0.031;0.0;6;-1;0;-1;10;10;2;2.955;200;567;-1;0;
200;-1;0.118;0.094;0.016;0.008;6;-1;0;-1;4;1;2;2.95;200;581;-1;0;
200;-1;0.083;0.063;0.02;0.0;6;-1;0;-1;9;10;2;2.95;200;581;-1;0;
200;-1;0.094;0.078;0.016;0.0;6;-1;0;-1;7;5;2;2.95;200;576;-1;0;
200;-1;0.093;0.078;0.015;0.0;6;-1;0;-1;7;7;2;2.955;200;569;-1;0;
200;-1;0.078;0.047;0.031;0.0;6;-1;0;-1;7;7;2;2.95;200;583;-1;0;
200;-1;0.07;0.054;0.016;0.0;6;-1;0;-1;8;10;2;2.955;200;571;-1;0;
200;-1;0.202;0.187;0.015;0.0;7;-1;0;-1;6;5;2;2.955;200;568;-1;0;
200;-1;0.172;0.156;0.016;0.0;7;-1;0;-1;6;6;2;2.95;200;587;-1;0;
200;-1;0.109;0.094;0.015;0.0;7;-1;0;-1;5;1;2;2.95;200;539;-1;0;
200;-1;0.109;0.093;0.016;0.0;7;-1;0;-1;8;8;2;2.955;200;567;-1;0;
200;-1;0.133;0.094;0.016;0.023;7;-1;0;-1;6;1;2;2.95;200;581;-1;0;
200;-1;0.079;0.063;0.016;0.0;7;-1;0;-1;10;10;2;2.95;200;581;-1;0;
200;-1;0.109;0.078;0.015;0.016;7;-1;0;-1;7;5;2;2.95;200;576;-1;0;
200;-1;0.093;0.078;0.015;0.0;7;-1;0;-1;8;8;2;2.955;200;569;-1;0;
200;-1;0.079;0.047;0.032;0.0;7;-1;0;-1;10;11;2;2.95;200;583;-1;0;
200;-1;0.069;0.054;0.015;0.0;7;-1;0;-1;11;15;2;2.955;200;571;-1;0;
200;-1;0.203;0.187;0.016;0.0;8;-1;0;-1;10;10;2;2.955;200;568;-1;0;
200;-1;0.187;0.156;0.031;0.0;8;-1;0;-1;8;7;2;2.95;200;587;-1;0;
200;-1;0.113;0.094;0.019;0.0;8;-1;0;-1;5;1;2;2.95;200;539;-1;0;
200;-1;0.108;0.093;0.015;0.0;8;-1;0;-1;16;22;2;2.955;200;567;-1;0;
200;-1;0.125;0.094;0.031;0.0;8;-1;0;-1;15;16;2;2.95;200;581;-1;0;
200;-1;0.079;0.063;0.016;0.0;8;-1;0;-1;13;14;2;2.95;200;581;-1;0;
200;-1;0.093;0.078;0.015;0.0;8;-1;0;-1;9;5;2;2.95;200;576;-1;0;
200;-1;0.094;0.078;0.016;0.0;8;-1;0;-1;8;8;2;2.955;200;569;-1;0;
200;-1;0.062;0.047;0.015;0.0;8;-1;0;-1;17;20;2;2.95;200;583;-1;0;
200;-1;0.08499999999999999;0.054;0.031;0.0;8;-1;0;-1;16;23;2;2.955;200;571;-1;0;
200;-1;0.203;0.187;0.016;0.0;9;-1;0;-1;15;19;2;2.955;200;568;-1;0;
200;-1;0.172;0.156;0.016;0.0;9;-1;0;-1;8;7;2;2.95;200;587;-1;0;
200;-1;0.11;0.094;0.016;0.0;9;-1;0;-1;9;5;2;2.95;200;539;-1;0;
200;-1;0.124;0.093;0.031;0.0;9;-1;0;-1;21;31;2;2.955;200;567;-1;0;
200;-1;0.125;0.094;0.031;0.0;9;-1;0;-1;12;13;2;2.95;200;581;-1;0;
200;-1;0.095;0.063;0.016;0.016;9;-1;0;-1;12;13;2;2.95;200;581;-1;0;
200;-1;0.093;0.078;0.015;0.0;9;-1;0;-1;14;16;2;2.95;200;576;-1;0;
200;-1;0.11;0.078;0.032;0.0;9;-1;0;-1;10;8;2;2.955;200;569;-1;0;
200;-1;0.078;0.047;0.015;0.016;9;-1;0;-1;16;19;2;2.95;200;583;-1;0;
200;-1;0.069;0.054;0.015;0.0;9;-1;0;-1;18;25;2;2.955;200;571;-1;0;
200;-1;0.203;0.187;0.016;0.0;10;-1;0;-1;15;19;2;2.955;200;568;-1;0;
200;-1;0.17099999999999999;0.156;0.015;0.0;10;-1;0;-1;14;15;2;2.95;200;587;-1;0;
200;-1;0.128;0.094;0.034;0.0;10;-1;0;-1;9;5;2;2.95;200;539;-1;0;
200;-1;0.124;0.093;0.031;0.0;10;-1;0;-1;20;30;2;2.955;200;567;-1;0;
200;-1;0.125;0.094;0.031;0.0;10;-1;0;-1;12;13;2;2.95;200;581;-1;0;
200;-1;0.094;0.063;0.031;0.0;10;-1;0;-1;12;13;2;2.95;200;581;-1;0;
200;-1;0.11;0.078;0.032;0.0;10;-1;0;-1;14;16;2;2.95;200;576;-1;0;
200;-1;0.093;0.078;0.015;0.0;10;-1;0;-1;14;15;2;2.955;200;569;-1;0;
200;-1;0.078;0.047;0.031;0.0;10;-1;0;-1;18;22;2;2.95;200;583;-1;0;
200;-1;0.07;0.054;0.016;0.0;10;-1;0;-1;20;27;2;2.955;200;571;-1;0;
200;-1;0.218;0.187;0.031;0.0;11;-1;0;-1;25;34;2;2.955;200;568;-1;0;
200;-1;0.172;0.156;0.016;0.0;11;-1;0;-1;18;21;2;2.95;200;587;-1;0;
200;-1;0.11;0.094;0.016;0.0;11;-1;0;-1;12;9;2;2.95;200;539;-1;0;
200;-1;0.129;0.093;0.02;0.016;11;-1;0;-1;20;30;2;2.955;200;567;-1;0;
200;-1;0.125;0.094;0.031;0.0;11;-1;0;-1;15;17;2;2.95;200;581;-1;0;
200;-1;0.095;0.063;0.032;0.0;11;-1;0;-1;27;34;2;2.95;200;581;-1;0;
200;-1;0.109;0.078;0.031;0.0;11;-1;0;-1;19;22;2;2.95;200;576;-1;0;
200;-1;0.109;0.078;0.031;0.0;11;-1;0;-1;17;22;2;2.955;200;569;-1;0;
200;-1;0.078;0.047;0.031;0.0;11;-1;0;-1;21;27;2;2.95;200;583;-1;0;
200;-1;0.07;0.054;0.016;0.0;11;-1;0;-1;20;27;2;2.955;200;571;-1;0;
200;-1;0.218;0.187;0.031;0.0;12;-1;0;-1;25;34;2;2.955;200;568;-1;0;
200;-1;0.17099999999999999;0.156;0.015;0.0;12;-1;0;-1;29;39;2;2.95;200;587;-1;0;
200;-1;0.126;0.094;0.032;0.0;12;-1;0;-1;12;9;2;2.95;200;539;-1;0;
200;-1;0.124;0.093;0.031;0.0;12;-1;0;-1;29;44;2;2.955;200;567;-1;0;
200;-1;0.125;0.094;0.031;0.0;12;-1;0;-1;18;20;2;2.95;200;581;-1;0;
200;-1;0.094;0.063;0.031;0.0;12;-1;0;-1;23;30;2;2.95;200;581;-1;0;
200;-1;0.11;0.078;0.032;0.0;12;-1;0;-1;19;22;2;2.95;200;576;-1;0;
200;-1;0.109;0.078;0.031;0.0;12;-1;0;-1;28;39;2;2.955;200;569;-1;0;
200;-1;0.062;0.047;0.015;0.0;12;-1;0;-1;21;27;2;2.95;200;583;-1;0;
200;-1;0.07;0.054;0.016;0.0;12;-1;0;-1;22;31;2;2.955;200;571;-1;0;
200;-1;0.218;0.187;0.031;0.0;13;-1;0;-1;29;42;2;2.955;200;568;-1;0;
200;-1;0.17099999999999999;0.156;0.015;0.0;13;-1;0;-1;37;53;2;2.95;200;587;-1;0;
200;-1;0.109;0.094;0.015;0.0;13;-1;0;-1;18;15;2;2.95;200;539;-1;0;
200;-1;0.14200000000000002;0.093;0.032;0.017;13;-1;0;-1;29;44;2;2.955;200;567;-1;0;
200;-1;0.109;0.094;0.015;0.0;13;-1;0;-1;18;20;2;2.95;200;581;-1;0;
200;-1;0.095;0.063;0.032;0.0;13;-1;0;-1;23;30;2;2.95;200;581;-1;0;
200;-1;0.094;0.078;0.016;0.0;13;-1;0;-1;19;22;2;2.95;200;576;-1;0;
200;-1;0.109;0.078;0.031;0.0;13;-1;0;-1;28;39;2;2.955;200;569;-1;0;
200;-1;0.078;0.047;0.031;0.0;13;-1;0;-1;19;25;2;2.95;200;583;-1;0;
200;-1;0.07;0.054;0.016;0.0;13;-1;0;-1;22;31;2;2.955;200;571;-1;0;
200;-1;0.218;0.187;0.031;0.0;14;-1;0;-1;28;41;2;2.955;200;568;-1;0;
200;-1;0.187;0.156;0.031;0.0;14;-1;0;-1;44;66;2;2.95;200;587;-1;0;
200;-1;0.11;0.094;0.016;0.0;14;-1;0;-1;22;21;2;2.95;200;539;-1;0;
200;-1;0.14;0.093;0.031;0.016;14;-1;0;-1;29;44;2;2.955;200;567;-1;0;
200;-1;0.125;0.094;0.031;0.0;14;-1;0;-1;25;30;2;2.95;200;581;-1;0;
200;-1;0.094;0.063;0.031;0.0;14;-1;0;-1;35;48;2;2.95;200;581;-1;0;
200;-1;0.109;0.078;0.031;0.0;14;-1;0;-1;25;28;2;2.95;200;576;-1;0;
200;-1;0.11;0.078;0.032;0.0;14;-1;0;-1;31;44;2;2.955;200;569;-1;0;
200;-1;0.078;0.047;0.031;0.0;14;-1;0;-1;34;46;2;2.95;200;583;-1;0;
200;-1;0.069;0.054;0.015;0.0;14;-1;0;-1;29;40;2;2.955;200;571;-1;0;
200;-1;0.23399999999999999;0.187;0.047;0.0;15;-1;0;-1;35;52;2;2.955;200;568;-1;0;
200;-1;0.187;0.156;0.031;0.0;15;-1;0;-1;52;81;2;2.95;200;587;-1;0;
200;-1;0.123;0.094;0.029;0.0;15;-1;0;-1;26;29;2;2.95;200;539;-1;0;
200;-1;0.137;0.093;0.044;0.0;15;-1;0;-1;35;55;2;2.955;200;567;-1;0;
200;-1;0.14100000000000001;0.094;0.047;0.0;15;-1;0;-1;35;46;2;2.95;200;581;-1;0;
200;-1;0.094;0.063;0.031;0.0;15;-1;0;-1;29;42;2;2.95;200;581;-1;0;
200;-1;0.109;0.078;0.031;0.0;15;-1;0;-1;24;27;2;2.95;200;576;-1;0;
200;-1;0.125;0.078;0.031;0.016;15;-1;0;-1;41;60;2;2.955;200;569;-1;0;
200;-1;0.063;0.047;0.016;0.0;15;-1;0;-1;34;46;2;2.95;200;583;-1;0;
200;-1;0.08499999999999999;0.054;0.031;0.0;15;-1;0;-1;44;65;2;2.955;200;571;-1;0;
200;-1;0.23399999999999999;0.187;0.047;0.0;16;-1;0;-1;45;69;2;2.955;200;568;-1;0;
200;-1;0.188;0.156;0.032;0.0;16;-1;0;-1;52;81;2;2.95;200;587;-1;0;
200;-1;0.125;0.094;0.031;0.0;16;-1;0;-1;26;29;2;2.95;200;539;-1;0;
200;-1;0.124;0.093;0.031;0.0;16;-1;0;-1;35;55;2;2.955;200;567;-1;0;
200;-1;0.125;0.094;0.031;0.0;16;-1;0;-1;42;60;2;2.95;200;581;-1;0;
200;-1;0.11;0.063;0.047;0.0;16;-1;0;-1;40;59;2;2.95;200;581;-1;0;
200;-1;0.109;0.078;0.031;0.0;16;-1;0;-1;32;40;2;2.95;200;576;-1;0;
200;-1;0.109;0.078;0.031;0.0;16;-1;0;-1;41;60;2;2.955;200;569;-1;0;
200;-1;0.079;0.047;0.032;0.0;16;-1;0;-1;51;75;2;2.95;200;583;-1;0;
200;-1;0.101;0.054;0.047;0.0;16;-1;0;-1;67;112;2;2.955;200;571;-1;0;
200;-1;0.219;0.187;0.032;0.0;17;-1;0;-1;45;69;2;2.955;200;568;-1;0;
200;-1;0.21500000000000002;0.156;0.047;0.012;17;-1;0;-1;52;81;2;2.95;200;587;-1;0;
200;-1;0.124;0.094;0.029;0.001;17;-1;0;-1;38;47;2;2.95;200;539;-1;0;
200;-1;0.14;0.093;0.047;0.0;17;-1;0;-1;59;98;2;2.955;200;567;-1;0;
200;-1;0.15700000000000003;0.094;0.047;0.016;17;-1;0;-1;39;57;2;2.95;200;581;-1;0;
200;-1;0.11;0.063;0.047;0.0;17;-1;0;-1;40;59;2;2.95;200;581;-1;0;
200;-1;0.109;0.078;0.031;0.0;17;-1;0;-1;29;37;2;2.95;200;576;-1;0;
200;-1;0.14100000000000001;0.078;0.063;0.0;17;-1;0;-1;61;98;2;2.955;200;569;-1;0;
200;-1;0.094;0.047;0.047;0.0;17;-1;0;-1;51;75;2;2.95;200;583;-1;0;
200;-1;0.11599999999999999;0.054;0.062;0.0;17;-1;0;-1;67;112;2;2.955;200;571;-1;0;
200;-1;0.23399999999999999;0.187;0.047;0.0;18;-1;0;-1;40;64;2;2.955;200;568;-1;0;
200;-1;0.281;0.156;0.125;0.0;18;-1;0;-1;99;184;2;2.95;200;587;-1;0;
200;-1;0.125;0.094;0.031;0.0;18;-1;0;-1;32;41;2;2.95;200;539;-1;0;
200;-1;0.14;0.093;0.047;0.0;18;-1;0;-1;59;98;2;2.955;200;567;-1;0;
200;-1;0.126;0.094;0.032;0.0;18;-1;0;-1;39;57;2;2.95;200;581;-1;0;
200;-1;0.11;0.063;0.047;0.0;18;-1;0;-1;40;59;2;2.95;200;581;-1;0;
200;-1;0.109;0.078;0.031;0.0;18;-1;0;-1;46;62;2;2.95;200;576;-1;0;
200;-1;0.15600000000000003;0.078;0.063;0.015;18;-1;0;-1;69;116;2;2.955;200;569;-1;0;
200;-1;0.094;0.047;0.031;0.016;18;-1;0;-1;50;74;2;2.95;200;583;-1;0;
200;-1;0.101;0.054;0.047;0.0;18;-1;0;-1;64;109;2;2.955;200;571;-1;0;
200;-1;0.23399999999999999;0.187;0.047;0.0;19;-1;0;-1;40;64;2;2.955;200;568;-1;0;
200;-1;0.249;0.156;0.093;0.0;19;-1;0;-1;99;184;2;2.95;200;587;-1;0;
200;-1;0.125;0.094;0.031;0.0;19;-1;0;-1;32;41;2;2.95;200;539;-1;0;
200;-1;0.14;0.093;0.047;0.0;19;-1;0;-1;59;98;2;2.955;200;567;-1;0;
200;-1;0.14100000000000001;0.094;0.047;0.0;19;-1;0;-1;39;57;2;2.95;200;581;-1;0;
200;-1;0.11;0.063;0.047;0.0;19;-1;0;-1;40;59;2;2.95;200;581;-1;0;
200;-1;0.109;0.078;0.031;0.0;19;-1;0;-1;44;60;2;2.95;200;576;-1;0;
200;-1;0.156;0.078;0.078;0.0;19;-1;0;-1;69;116;2;2.955;200;569;-1;0;
200;-1;0.11;0.047;0.063;0.0;19;-1;0;-1;70;114;2;2.95;200;583;-1;0;
200;-1;0.101;0.054;0.047;0.0;19;-1;0;-1;64;109;2;2.955;200;571;-1;0;
200;-1;0.23399999999999999;0.187;0.047;0.0;20;-1;0;-1;40;64;2;2.955;200;568;-1;0;
200;-1;0.249;0.156;0.093;0.0;20;-1;0;-1;99;184;2;2.95;200;587;-1;0;
200;-1;0.14200000000000002;0.094;0.031;0.017;20;-1;0;-1;42;57;2;2.95;200;539;-1;0;
200;-1;0.139;0.093;0.046;0.0;20;-1;0;-1;64;111;2;2.955;200;567;-1;0;
200;-1;0.125;0.094;0.031;0.0;20;-1;0;-1;37;55;2;2.95;200;581;-1;0;
200;-1;0.11;0.063;0.047;0.0;20;-1;0;-1;39;58;2;2.95;200;581;-1;0;
200;-1;0.109;0.078;0.031;0.0;20;-1;0;-1;44;60;2;2.95;200;576;-1;0;
200;-1;0.14;0.078;0.062;0.0;20;-1;0;-1;69;116;2;2.955;200;569;-1;0;
200;-1;0.11;0.047;0.063;0.0;20;-1;0;-1;68;112;2;2.95;200;583;-1;0;
200;-1;0.11599999999999999;0.054;0.062;0.0;20;-1;0;-1;72;125;2;2.955;200;571;-1;0;
200;-1;0.25;0.187;0.063;0.0;21;-1;0;-1;67;112;2;2.955;200;568;-1;0;
200;-1;0.25;0.156;0.094;0.0;21;-1;0;-1;99;184;2;2.95;200;587;-1;0;
200;-1;0.14100000000000001;0.094;0.031;0.016;21;-1;0;-1;42;57;2;2.95;200;539;-1;0;
200;-1;0.155;0.093;0.062;0.0;21;-1;0;-1;77;138;2;2.955;200;567;-1;0;
200;-1;0.14100000000000001;0.094;0.047;0.0;21;-1;0;-1;37;55;2;2.95;200;581;-1;0;
200;-1;0.11;0.063;0.047;0.0;21;-1;0;-1;39;58;2;2.95;200;581;-1;0;
200;-1;0.109;0.078;0.031;0.0;21;-1;0;-1;42;58;2;2.95;200;576;-1;0;
200;-1;0.172;0.078;0.094;0.0;21;-1;0;-1;89;160;2;2.955;200;569;-1;0;
200;-1;0.094;0.047;0.047;0.0;21;-1;0;-1;68;112;2;2.95;200;583;-1;0;
200;-1;0.11699999999999999;0.054;0.063;0.0;21;-1;0;-1;82;149;2;2.955;200;571;-1;0;
200;-1;0.249;0.187;0.062;0.0;22;-1;0;-1;67;112;2;2.955;200;568;-1;0;
200;-1;0.25;0.156;0.094;0.0;22;-1;0;-1;99;184;2;2.95;200;587;-1;0;
200;-1;0.14100000000000001;0.094;0.031;0.016;22;-1;0;-1;42;57;2;2.95;200;539;-1;0;
200;-1;0.155;0.093;0.062;0.0;22;-1;0;-1;77;138;2;2.955;200;567;-1;0;
200;-1;0.14100000000000001;0.094;0.047;0.0;22;-1;0;-1;37;55;2;2.95;200;581;-1;0;
200;-1;0.11;0.063;0.047;0.0;22;-1;0;-1;39;58;2;2.95;200;581;-1;0;
200;-1;0.125;0.078;0.047;0.0;22;-1;0;-1;53;79;2;2.95;200;576;-1;0;
200;-1;0.172;0.078;0.094;0.0;22;-1;0;-1;87;158;2;2.955;200;569;-1;0;
200;-1;0.109;0.047;0.062;0.0;22;-1;0;-1;67;111;2;2.95;200;583;-1;0;
200;-1;0.11699999999999999;0.054;0.063;0.0;22;-1;0;-1;82;149;2;2.955;200;571;-1;0;
200;-1;0.249;0.187;0.062;0.0;23;-1;0;-1;65;110;2;2.955;200;568;-1;0;
200;-1;0.25;0.156;0.094;0.0;23;-1;0;-1;98;183;2;2.95;200;587;-1;0;
200;-1;0.15600000000000003;0.094;0.047;0.015;23;-1;0;-1;42;57;2;2.95;200;539;-1;0;
200;-1;0.361;0.093;0.238;0.03;23;-1;0;-1;86;159;2;2.955;200;567;-1;0;
200;-1;0.34500000000000003;0.094;0.173;0.078;23;-1;0;-1;52;80;2;2.95;200;581;-1;0;
200;-1;0.14100000000000001;0.063;0.078;0.0;23;-1;0;-1;54;79;2;2.95;200;581;-1;0;
200;-1;0.33199999999999996;0.078;0.223;0.031;23;-1;0;-1;64;100;2;2.95;200;576;-1;0;
200;-1;0.25;0.078;0.172;0.0;23;-1;0;-1;112;217;2;2.955;200;569;-1;0;
200;-1;0.203;0.047;0.156;0.0;23;-1;0;-1;93;164;2;2.95;200;583;-1;0;
200;-1;0.175;0.054;0.121;0.0;23;-1;0;-1;82;149;2;2.955;200;571;-1;0;
200;-1;0.312;0.187;0.125;0.0;24;-1;0;-1;65;110;2;2.955;200;568;-1;0;
200;-1;0.312;0.156;0.156;0.0;24;-1;0;-1;98;183;2;2.95;200;587;-1;0;
200;-1;0.172;0.094;0.078;0.0;24;-1;0;-1;58;88;2;2.95;200;539;-1;0;
200;-1;0.203;0.093;0.108;0.002;24;-1;0;-1;86;159;2;2.955;200;567;-1;0;
200;-1;0.145;0.094;0.051;0.0;24;-1;0;-1;52;80;2;2.95;200;581;-1;0;
200;-1;0.152;0.063;0.089;0.0;24;-1;0;-1;73;125;2;2.95;200;581;-1;0;
200;-1;0.14700000000000002;0.078;0.059;0.01;24;-1;0;-1;64;100;2;2.95;200;576;-1;0;
200;-1;0.198;0.078;0.12;0.0;24;-1;0;-1;111;216;2;2.955;200;569;-1;0;
200;-1;0.133;0.047;0.086;0.0;24;-1;0;-1;90;161;2;2.95;200;583;-1;0;
200;-1;0.124;0.054;0.07;0.0;24;-1;0;-1;82;149;2;2.955;200;571;-1;0;
200;-1;0.247;0.187;0.06;0.0;25;-1;0;-1;65;110;2;2.955;200;568;-1;0;
200;-1;0.267;0.156;0.111;0.0;25;-1;0;-1;114;218;2;2.95;200;587;-1;0;
200;-1;0.14300000000000002;0.094;0.049;0.0;25;-1;0;-1;58;88;2;2.95;200;539;-1;0;
200;-1;0.183;0.093;0.09;0.0;25;-1;0;-1;85;158;2;2.955;200;567;-1;0;
200;-1;0.14400000000000002;0.094;0.05;0.0;25;-1;0;-1;52;80;2;2.95;200;581;-1;0;
200;-1;0.174;0.063;0.111;0.0;25;-1;0;-1;73;125;2;2.95;200;581;-1;0;
200;-1;0.167;0.078;0.084;0.005;25;-1;0;-1;64;100;2;2.95;200;576;-1;0;
200;-1;0.261;0.078;0.182;0.001;25;-1;0;-1;111;216;2;2.955;200;569;-1;0;
200;-1;0.175;0.047;0.128;0.0;25;-1;0;-1;90;161;2;2.95;200;583;-1;0;
200;-1;0.173;0.054;0.119;0.0;25;-1;0;-1;82;149;2;2.955;200;571;-1;0;
200;-1;0.297;0.187;0.108;0.002;26;-1;0;-1;78;136;2;2.955;200;568;-1;0;
200;-1;0.33199999999999996;0.156;0.175;0.001;26;-1;0;-1;114;218;2;2.95;200;587;-1;0;
200;-1;0.21200000000000002;0.094;0.111;0.007;26;-1;0;-1;87;148;2;2.95;200;539;-1;0;
200;-1;0.248;0.093;0.155;0.0;26;-1;0;-1;99;188;2;2.955;200;567;-1;0;
200;-1;0.172;0.094;0.078;0.0;26;-1;0;-1;51;79;2;2.95;200;581;-1;0;
200;-1;0.224;0.063;0.161;0.0;26;-1;0;-1;72;124;2;2.95;200;581;-1;0;
200;-1;0.203;0.078;0.125;0.0;26;-1;0;-1;96;161;2;2.95;200;576;-1;0;
200;-1;0.25;0.078;0.172;0.0;26;-1;0;-1;111;216;2;2.955;200;569;-1;0;
200;-1;0.156;0.047;0.109;0.0;26;-1;0;-1;90;161;2;2.95;200;583;-1;0;
200;-1;0.148;0.054;0.094;0.0;26;-1;0;-1;82;149;2;2.955;200;571;-1;0;
200;-1;0.281;0.187;0.094;0.0;27;-1;0;-1;78;136;2;2.955;200;568;-1;0;
200;-1;0.281;0.156;0.125;0.0;27;-1;0;-1;114;218;2;2.95;200;587;-1;0;
200;-1;0.188;0.094;0.094;0.0;27;-1;0;-1;87;148;2;2.95;200;539;-1;0;
200;-1;0.218;0.093;0.125;0.0;27;-1;0;-1;99;188;2;2.955;200;567;-1;0;
200;-1;0.156;0.094;0.062;0.0;27;-1;0;-1;51;79;2;2.95;200;581;-1;0;
200;-1;0.173;0.063;0.11;0.0;27;-1;0;-1;72;124;2;2.95;200;581;-1;0;
200;-1;0.203;0.078;0.125;0.0;27;-1;0;-1;96;161;2;2.95;200;576;-1;0;
200;-1;0.21800000000000003;0.078;0.14;0.0;27;-1;0;-1;111;216;2;2.955;200;569;-1;0;
200;-1;0.157;0.047;0.11;0.0;27;-1;0;-1;90;161;2;2.95;200;583;-1;0;
200;-1;0.132;0.054;0.078;0.0;27;-1;0;-1;82;149;2;2.955;200;571;-1;0;
200;-1;0.28200000000000003;0.187;0.095;0.0;28;-1;0;-1;76;134;2;2.955;200;568;-1;0;
200;-1;0.281;0.156;0.125;0.0;28;-1;0;-1;114;218;2;2.95;200;587;-1;0;
200;-1;0.187;0.094;0.093;0.0;28;-1;0;-1;87;148;2;2.95;200;539;-1;0;
200;-1;0.218;0.093;0.125;0.0;28;-1;0;-1;99;188;2;2.955;200;567;-1;0;
200;-1;0.188;0.094;0.094;0.0;28;-1;0;-1;63;103;2;2.95;200;581;-1;0;
200;-1;0.172;0.063;0.109;0.0;28;-1;0;-1;72;124;2;2.95;200;581;-1;0;
200;-1;0.188;0.078;0.11;0.0;28;-1;0;-1;96;161;2;2.95;200;576;-1;0;
200;-1;0.25;0.078;0.172;0.0;28;-1;0;-1;111;216;2;2.955;200;569;-1;0;
200;-1;0.172;0.047;0.125;0.0;28;-1;0;-1;90;161;2;2.95;200;583;-1;0;
200;-1;0.164;0.054;0.11;0.0;28;-1;0;-1;82;149;2;2.955;200;571;-1;0;
200;-1;0.299;0.187;0.111;0.001;29;-1;0;-1;76;134;2;2.955;200;568;-1;0;
200;-1;0.29400000000000004;0.156;0.138;0.0;29;-1;0;-1;114;218;2;2.95;200;587;-1;0;
200;-1;0.188;0.094;0.094;0.0;29;-1;0;-1;87;148;2;2.95;200;539;-1;0;
200;-1;0.218;0.093;0.125;0.0;29;-1;0;-1;99;188;2;2.955;200;567;-1;0;
200;-1;0.187;0.094;0.093;0.0;29;-1;0;-1;63;103;2;2.95;200;581;-1;0;
200;-1;0.173;0.063;0.11;0.0;29;-1;0;-1;72;124;2;2.95;200;581;-1;0;
200;-1;0.17099999999999999;0.078;0.093;0.0;29;-1;0;-1;96;161;2;2.95;200;576;-1;0;
200;-1;0.21899999999999997;0.078;0.141;0.0;29;-1;0;-1;111;216;2;2.955;200;569;-1;0;
200;-1;0.14100000000000001;0.047;0.094;0.0;29;-1;0;-1;90;161;2;2.95;200;583;-1;0;
200;-1;0.179;0.054;0.125;0.0;29;-1;0;-1;94;177;2;2.955;200;571;-1;0;
200;-1;0.28;0.187;0.093;0.0;30;-1;0;-1;76;134;2;2.955;200;568;-1;0;
200;-1;0.297;0.156;0.141;0.0;30;-1;0;-1;130;258;2;2.95;200;587;-1;0;
200;-1;0.188;0.094;0.094;0.0;30;-1;0;-1;87;148;2;2.95;200;539;-1;0;
200;-1;0.218;0.093;0.125;0.0;30;-1;0;-1;99;188;2;2.955;200;567;-1;0;
200;-1;0.172;0.094;0.078;0.0;30;-1;0;-1;63;103;2;2.95;200;581;-1;0;
200;-1;0.203;0.063;0.14;0.0;30;-1;0;-1;114;213;2;2.95;200;581;-1;0;
200;-1;0.188;0.078;0.11;0.0;30;-1;0;-1;107;190;2;2.95;200;576;-1;0;
200;-1;0.201;0.078;0.123;0.0;30;-1;0;-1;111;216;2;2.955;200;569;-1;0;
200;-1;0.14100000000000001;0.047;0.094;0.0;30;-1;0;-1;90;161;2;2.95;200;583;-1;0;
200;-1;0.163;0.054;0.109;0.0;30;-1;0;-1;94;177;2;2.955;200;571;-1;0;
200;-1;0.281;0.187;0.094;0.0;31;-1;0;-1;76;134;2;2.955;200;568;-1;0;
200;-1;0.281;0.156;0.125;0.0;31;-1;0;-1;130;258;2;2.95;200;587;-1;0;
200;-1;0.173;0.094;0.079;0.0;31;-1;0;-1;87;148;2;2.95;200;539;-1;0;
200;-1;0.202;0.093;0.109;0.0;31;-1;0;-1;99;188;2;2.955;200;567;-1;0;
200;-1;0.20400000000000001;0.094;0.11;0.0;31;-1;0;-1;86;145;2;2.95;200;581;-1;0;
200;-1;0.20400000000000001;0.063;0.125;0.016;31;-1;0;-1;114;213;2;2.95;200;581;-1;0;
200;-1;0.187;0.078;0.109;0.0;31;-1;0;-1;107;190;2;2.95;200;576;-1;0;
200;-1;0.21899999999999997;0.078;0.141;0.0;31;-1;0;-1;111;216;2;2.955;200;569;-1;0;
200;-1;0.172;0.047;0.125;0.0;31;-1;0;-1;108;198;2;2.95;200;583;-1;0;
200;-1;0.163;0.054;0.109;0.0;31;-1;0;-1;93;176;2;2.955;200;571;-1;0;
200;-1;0.297;0.187;0.11;0.0;32;-1;0;-1;96;169;2;2.955;200;568;-1;0;
200;-1;0.297;0.156;0.141;0.0;32;-1;0;-1;130;258;2;2.95;200;587;-1;0;
200;-1;0.172;0.094;0.078;0.0;32;-1;0;-1;87;148;2;2.95;200;539;-1;0;
200;-1;0.202;0.093;0.109;0.0;32;-1;0;-1;99;188;2;2.955;200;567;-1;0;
200;-1;0.188;0.094;0.094;0.0;32;-1;0;-1;86;145;2;2.95;200;581;-1;0;
200;-1;0.203;0.063;0.14;0.0;32;-1;0;-1;114;213;2;2.95;200;581;-1;0;
200;-1;0.203;0.078;0.125;0.0;32;-1;0;-1;107;190;2;2.95;200;576;-1;0;
200;-1;0.21800000000000003;0.078;0.14;0.0;32;-1;0;-1;111;216;2;2.955;200;569;-1;0;
200;-1;0.172;0.047;0.125;0.0;32;-1;0;-1;108;198;2;2.95;200;583;-1;0;
200;-1;0.164;0.054;0.11;0.0;32;-1;0;-1;93;176;2;2.955;200;571;-1;0;
200;-1;0.297;0.187;0.11;0.0;33;-1;0;-1;93;166;2;2.955;200;568;-1;0;
200;-1;0.28200000000000003;0.156;0.126;0.0;33;-1;0;-1;130;258;2;2.95;200;587;-1;0;
200;-1;0.188;0.094;0.094;0.0;33;-1;0;-1;87;148;2;2.95;200;539;-1;0;
200;-1;0.218;0.093;0.125;0.0;33;-1;0;-1;99;188;2;2.955;200;567;-1;0;
200;-1;0.219;0.094;0.125;0.0;33;-1;0;-1;99;180;2;2.95;200;581;-1;0;
200;-1;0.203;0.063;0.14;0.0;33;-1;0;-1;114;213;2;2.95;200;581;-1;0;
200;-1;0.203;0.078;0.125;0.0;33;-1;0;-1;107;190;2;2.95;200;576;-1;0;
200;-1;0.235;0.078;0.157;0.0;33;-1;0;-1;111;216;2;2.955;200;569;-1;0;
200;-1;0.172;0.047;0.125;0.0;33;-1;0;-1;108;198;2;2.95;200;583;-1;0;
200;-1;0.194;0.054;0.14;0.0;33;-1;0;-1;93;176;2;2.955;200;571;-1;0;
200;-1;0.312;0.187;0.125;0.0;34;-1;0;-1;93;166;2;2.955;200;568;-1;0;
200;-1;0.281;0.156;0.125;0.0;34;-1;0;-1;130;258;2;2.95;200;587;-1;0;
200;-1;0.188;0.094;0.094;0.0;34;-1;0;-1;107;186;2;2.95;200;539;-1;0;
200;-1;0.203;0.093;0.11;0.0;34;-1;0;-1;99;188;2;2.955;200;567;-1;0;
200;-1;0.203;0.094;0.109;0.0;34;-1;0;-1;99;180;2;2.95;200;581;-1;0;
200;-1;0.215;0.063;0.151;0.001;34;-1;0;-1;114;213;2;2.95;200;581;-1;0;
200;-1;0.176;0.078;0.098;0.0;34;-1;0;-1;107;190;2;2.95;200;576;-1;0;
200;-1;0.21000000000000002;0.078;0.131;0.001;34;-1;0;-1;111;216;2;2.955;200;569;-1;0;
200;-1;0.159;0.047;0.111;0.001;34;-1;0;-1;108;198;2;2.95;200;583;-1;0;
200;-1;0.168;0.054;0.114;0.0;34;-1;0;-1;93;176;2;2.955;200;571;-1;0;
200;-1;0.293;0.187;0.105;0.001;35;-1;0;-1;93;166;2;2.955;200;568;-1;0;
200;-1;0.28400000000000003;0.156;0.127;0.001;35;-1;0;-1;130;258;2;2.95;200;587;-1;0;
200;-1;0.20500000000000002;0.094;0.11;0.001;35;-1;0;-1;100;179;2;2.95;200;539;-1;0;
200;-1;0.213;0.093;0.119;0.001;35;-1;0;-1;122;240;2;2.955;200;567;-1;0;
200;-1;0.232;0.094;0.138;0.0;35;-1;0;-1;99;180;2;2.95;200;581;-1;0;
200;-1;0.217;0.063;0.153;0.001;35;-1;0;-1;114;213;2;2.95;200;581;-1;0;
200;-1;0.20500000000000002;0.078;0.126;0.001;35;-1;0;-1;107;190;2;2.95;200;576;-1;0;
200;-1;0.236;0.078;0.157;0.001;35;-1;0;-1;111;216;2;2.955;200;569;-1;0;
200;-1;0.184;0.047;0.137;0.0;35;-1;0;-1;108;198;2;2.95;200;583;-1;0;
200;-1;0.177;0.054;0.123;0.0;35;-1;0;-1;93;176;2;2.955;200;571;-1;0;
200;-1;0.33499999999999996;0.187;0.146;0.002;36;-1;0;-1;93;166;2;2.955;200;568;-1;0;
200;-1;0.328;0.156;0.171;0.001;36;-1;0;-1;130;258;2;2.95;200;587;-1;0;
200;-1;0.227;0.094;0.133;0.0;36;-1;0;-1;100;179;2;2.95;200;539;-1;0;
200;-1;0.225;0.093;0.131;0.001;36;-1;0;-1;122;240;2;2.955;200;567;-1;0;
200;-1;0.223;0.094;0.128;0.001;36;-1;0;-1;99;180;2;2.95;200;581;-1;0;
200;-1;0.214;0.063;0.15;0.001;36;-1;0;-1;135;265;2;2.95;200;581;-1;0;
200;-1;0.21000000000000002;0.078;0.131;0.001;36;-1;0;-1;107;190;2;2.95;200;576;-1;0;
200;-1;0.22899999999999998;0.078;0.15;0.001;36;-1;0;-1;131;265;2;2.955;200;569;-1;0;
200;-1;0.16999999999999998;0.047;0.122;0.001;36;-1;0;-1;133;252;2;2.95;200;583;-1;0;
200;-1;0.164;0.054;0.109;0.001;36;-1;0;-1;93;176;2;2.955;200;571;-1;0;
200;-1;0.317;0.187;0.128;0.002;37;-1;0;-1;93;166;2;2.955;200;568;-1;0;
200;-1;0.29500000000000004;0.156;0.138;0.001;37;-1;0;-1;130;258;2;2.95;200;587;-1;0;
200;-1;0.21200000000000002;0.094;0.117;0.001;37;-1;0;-1;100;179;2;2.95;200;539;-1;0;
200;-1;0.219;0.093;0.126;0.0;37;-1;0;-1;122;240;2;2.955;200;567;-1;0;
200;-1;0.23;0.094;0.135;0.001;37;-1;0;-1;99;180;2;2.95;200;581;-1;0;
200;-1;0.211;0.063;0.147;0.001;37;-1;0;-1;135;265;2;2.95;200;581;-1;0;
200;-1;0.21000000000000002;0.078;0.131;0.001;37;-1;0;-1;107;190;2;2.95;200;576;-1;0;
200;-1;0.237;0.078;0.158;0.001;37;-1;0;-1;131;265;2;2.955;200;569;-1;0;
200;-1;0.162;0.047;0.114;0.001;37;-1;0;-1;133;252;2;2.95;200;583;-1;0;
200;-1;0.161;0.054;0.106;0.001;37;-1;0;-1;93;176;2;2.955;200;571;-1;0;
200;-1;0.298;0.187;0.111;0.0;38;-1;0;-1;93;166;2;2.955;200;568;-1;0;
200;-1;0.29500000000000004;0.156;0.138;0.001;38;-1;0;-1;130;258;2;2.95;200;587;-1;0;
200;-1;0.213;0.094;0.118;0.001;38;-1;0;-1;100;179;2;2.95;200;539;-1;0;
200;-1;0.211;0.093;0.118;0.0;38;-1;0;-1;122;240;2;2.955;200;567;-1;0;
200;-1;0.218;0.094;0.123;0.001;38;-1;0;-1;119;230;2;2.95;200;581;-1;0;
200;-1;0.216;0.063;0.152;0.001;38;-1;0;-1;135;265;2;2.95;200;581;-1;0;
200;-1;0.20900000000000002;0.078;0.131;0.0;38;-1;0;-1;130;246;2;2.95;200;576;-1;0;
200;-1;0.22599999999999998;0.078;0.147;0.001;38;-1;0;-1;131;265;2;2.955;200;569;-1;0;
200;-1;0.16999999999999998;0.047;0.123;0.0;38;-1;0;-1;133;252;2;2.95;200;583;-1;0;
200;-1;0.193;0.054;0.138;0.001;38;-1;0;-1;114;221;2;2.955;200;571;-1;0;
200;-1;0.312;0.187;0.124;0.001;39;-1;0;-1;93;166;2;2.955;200;568;-1;0;
200;-1;0.307;0.156;0.15;0.001;39;-1;0;-1;145;302;2;2.95;200;587;-1;0;
200;-1;0.20600000000000002;0.094;0.111;0.001;39;-1;0;-1;100;179;2;2.95;200;539;-1;0;
200;-1;0.227;0.093;0.134;0.0;39;-1;0;-1;122;240;2;2.955;200;567;-1;0;
200;-1;0.243;0.094;0.148;0.001;39;-1;0;-1;119;230;2;2.95;200;581;-1;0;
200;-1;0.2;0.063;0.137;0.0;39;-1;0;-1;150;315;2;2.95;200;581;-1;0;
200;-1;0.199;0.078;0.12;0.001;39;-1;0;-1;130;246;2;2.95;200;576;-1;0;
200;-1;0.23099999999999998;0.078;0.153;0.0;39;-1;0;-1;131;265;2;2.955;200;569;-1;0;
200;-1;0.17400000000000002;0.047;0.113;0.014;39;-1;0;-1;133;252;2;2.95;200;583;-1;0;
200;-1;0.184;0.054;0.13;0.0;39;-1;0;-1;114;221;2;2.955;200;571;-1;0;
200;-1;0.301;0.187;0.113;0.001;40;-1;0;-1;124;230;2;2.955;200;568;-1;0;
200;-1;0.301;0.156;0.145;0.0;40;-1;0;-1;145;302;2;2.95;200;587;-1;0;
200;-1;0.20500000000000002;0.094;0.111;0.0;40;-1;0;-1;100;179;2;2.95;200;539;-1;0;
200;-1;0.221;0.093;0.128;0.0;40;-1;0;-1;122;240;2;2.955;200;567;-1;0;
200;-1;0.222;0.094;0.127;0.001;40;-1;0;-1;119;230;2;2.95;200;581;-1;0;
200;-1;0.213;0.063;0.149;0.001;40;-1;0;-1;150;315;2;2.95;200;581;-1;0;
200;-1;0.21300000000000002;0.078;0.128;0.007;40;-1;0;-1;130;246;2;2.95;200;576;-1;0;
200;-1;0.22299999999999998;0.078;0.145;0.0;40;-1;0;-1;131;265;2;2.955;200;569;-1;0;
200;-1;0.174;0.047;0.126;0.001;40;-1;0;-1;133;252;2;2.95;200;583;-1;0;
200;-1;0.19;0.054;0.135;0.001;40;-1;0;-1;114;221;2;2.955;200;571;-1;0;
200;-1;0.31;0.187;0.123;0.0;41;-1;0;-1;124;230;2;2.955;200;568;-1;0;
200;-1;0.32;0.156;0.162;0.002;41;-1;0;-1;145;302;2;2.95;200;587;-1;0;
200;-1;0.222;0.094;0.128;0.0;41;-1;0;-1;99;178;2;2.95;200;539;-1;0;
200;-1;0.216;0.093;0.123;0.0;41;-1;0;-1;122;240;2;2.955;200;567;-1;0;
200;-1;0.224;0.094;0.13;0.0;41;-1;0;-1;119;230;2;2.95;200;581;-1;0;
200;-1;0.207;0.063;0.144;0.0;41;-1;0;-1;150;315;2;2.95;200;581;-1;0;
200;-1;0.22000000000000003;0.078;0.14;0.002;41;-1;0;-1;130;246;2;2.95;200;576;-1;0;
200;-1;0.23399999999999999;0.078;0.155;0.001;41;-1;0;-1;131;265;2;2.955;200;569;-1;0;
200;-1;0.173;0.047;0.126;0.0;41;-1;0;-1;133;252;2;2.95;200;583;-1;0;
200;-1;0.185;0.054;0.13;0.001;41;-1;0;-1;114;221;2;2.955;200;571;-1;0;
200;-1;0.305;0.187;0.117;0.001;42;-1;0;-1;124;230;2;2.955;200;568;-1;0;
200;-1;0.319;0.156;0.162;0.001;42;-1;0;-1;145;302;2;2.95;200;587;-1;0;
200;-1;0.198;0.094;0.103;0.001;42;-1;0;-1;99;178;2;2.95;200;539;-1;0;
200;-1;0.215;0.093;0.12;0.002;42;-1;0;-1;122;240;2;2.955;200;567;-1;0;
200;-1;0.25;0.094;0.155;0.001;42;-1;0;-1;119;230;2;2.95;200;581;-1;0;
200;-1;0.193;0.063;0.13;0.0;42;-1;0;-1;150;315;2;2.95;200;581;-1;0;
200;-1;0.20500000000000002;0.078;0.127;0.0;42;-1;0;-1;130;246;2;2.95;200;576;-1;0;
200;-1;0.21900000000000003;0.078;0.14;0.001;42;-1;0;-1;131;265;2;2.955;200;569;-1;0;
200;-1;0.183;0.047;0.135;0.001;42;-1;0;-1;149;299;2;2.95;200;583;-1;0;
200;-1;0.187;0.054;0.132;0.001;42;-1;0;-1;114;221;2;2.955;200;571;-1;0;
200;-1;0.319;0.187;0.132;0.0;43;-1;0;-1;145;285;2;2.955;200;568;-1;0;
200;-1;0.307;0.156;0.151;0.0;43;-1;0;-1;145;302;2;2.95;200;587;-1;0;
200;-1;0.21200000000000002;0.094;0.117;0.001;43;-1;0;-1;99;178;2;2.95;200;539;-1;0;
200;-1;0.242;0.093;0.148;0.001;43;-1;0;-1;140;286;2;2.955;200;567;-1;0;
200;-1;0.22;0.094;0.126;0.0;43;-1;0;-1;119;230;2;2.95;200;581;-1;0;
200;-1;0.186;0.063;0.122;0.001;43;-1;0;-1;150;315;2;2.95;200;581;-1;0;
200;-1;0.197;0.078;0.118;0.001;43;-1;0;-1;130;246;2;2.95;200;576;-1;0;
200;-1;0.22000000000000003;0.078;0.134;0.008;43;-1;0;-1;131;265;2;2.955;200;569;-1;0;
200;-1;0.172;0.047;0.124;0.001;43;-1;0;-1;149;299;2;2.95;200;583;-1;0;
200;-1;0.184;0.054;0.129;0.001;43;-1;0;-1;140;278;2;2.955;200;571;-1;0;
200;-1;0.309;0.187;0.121;0.001;44;-1;0;-1;145;285;2;2.955;200;568;-1;0;
200;-1;0.29600000000000004;0.156;0.139;0.001;44;-1;0;-1;145;302;2;2.95;200;587;-1;0;
200;-1;0.20800000000000002;0.094;0.114;0.0;44;-1;0;-1;128;238;2;2.95;200;539;-1;0;
200;-1;0.23600000000000002;0.093;0.138;0.005;44;-1;0;-1;140;286;2;2.955;200;567;-1;0;
200;-1;0.225;0.094;0.13;0.001;44;-1;0;-1;140;289;2;2.95;200;581;-1;0;
200;-1;0.184;0.063;0.12;0.001;44;-1;0;-1;150;315;2;2.95;200;581;-1;0;
200;-1;0.179;0.078;0.101;0.0;44;-1;0;-1;170;360;2;2.95;200;576;-1;0;
200;-1;0.203;0.078;0.125;0.0;44;-1;0;-1;131;265;2;2.955;200;569;-1;0;
200;-1;0.187;0.047;0.139;0.001;44;-1;0;-1;149;299;2;2.95;200;583;-1;0;
200;-1;0.195;0.054;0.14;0.001;44;-1;0;-1;140;278;2;2.955;200;571;-1;0;
200;-1;0.325;0.187;0.137;0.001;45;-1;0;-1;145;285;2;2.955;200;568;-1;0;
200;-1;0.317;0.156;0.161;0.0;45;-1;0;-1;145;302;2;2.95;200;587;-1;0;
200;-1;0.234;0.094;0.139;0.001;45;-1;0;-1;128;238;2;2.95;200;539;-1;0;
200;-1;0.258;0.093;0.164;0.001;45;-1;0;-1;140;286;2;2.955;200;567;-1;0;
200;-1;0.243;0.094;0.149;0.0;45;-1;0;-1;140;289;2;2.95;200;581;-1;0;
200;-1;0.209;0.063;0.146;0.0;45;-1;0;-1;150;315;2;2.95;200;581;-1;0;
200;-1;0.193;0.078;0.114;0.001;45;-1;0;-1;170;360;2;2.95;200;576;-1;0;
200;-1;0.244;0.078;0.165;0.001;45;-1;0;-1;131;265;2;2.955;200;569;-1;0;
200;-1;0.19;0.047;0.143;0.0;45;-1;0;-1;149;299;2;2.95;200;583;-1;0;
200;-1;0.20099999999999998;0.054;0.146;0.001;45;-1;0;-1;140;278;2;2.955;200;571;-1;0;
200;-1;0.32;0.187;0.133;0.0;46;-1;0;-1;145;285;2;2.955;200;568;-1;0;
200;-1;0.32;0.156;0.163;0.001;46;-1;0;-1;145;302;2;2.95;200;587;-1;0;
200;-1;0.231;0.094;0.137;0.0;46;-1;0;-1;128;238;2;2.95;200;539;-1;0;
200;-1;0.228;0.093;0.128;0.007;46;-1;0;-1;167;355;2;2.955;200;567;-1;0;
200;-1;0.253;0.094;0.158;0.001;46;-1;0;-1;140;289;2;2.95;200;581;-1;0;
200;-1;0.194;0.063;0.13;0.001;46;-1;0;-1;171;377;2;2.95;200;581;-1;0;
200;-1;0.21200000000000002;0.078;0.134;0.0;46;-1;0;-1;170;360;2;2.95;200;576;-1;0;
200;-1;0.23399999999999999;0.078;0.155;0.001;46;-1;0;-1;131;265;2;2.955;200;569;-1;0;
200;-1;0.174;0.047;0.127;0.0;46;-1;0;-1;149;299;2;2.95;200;583;-1;0;
200;-1;0.193;0.054;0.139;0.0;46;-1;0;-1;140;278;2;2.955;200;571;-1;0;
200;-1;0.302;0.187;0.115;0.0;47;-1;0;-1;167;349;2;2.955;200;568;-1;0;
200;-1;0.29100000000000004;0.156;0.134;0.001;47;-1;0;-1;168;368;2;2.95;200;587;-1;0;
200;-1;0.229;0.094;0.134;0.001;47;-1;0;-1;128;238;2;2.95;200;539;-1;0;
200;-1;0.20800000000000002;0.093;0.115;0.0;47;-1;0;-1;167;355;2;2.955;200;567;-1;0;
200;-1;0.246;0.094;0.151;0.001;47;-1;0;-1;140;289;2;2.95;200;581;-1;0;
200;-1;0.176;0.063;0.113;0.0;47;-1;0;-1;171;377;2;2.95;200;581;-1;0;
200;-1;0.188;0.078;0.109;0.001;47;-1;0;-1;170;360;2;2.95;200;576;-1;0;
200;-1;0.20800000000000002;0.078;0.129;0.001;47;-1;0;-1;159;334;2;2.955;200;569;-1;0;
200;-1;0.194;0.047;0.146;0.001;47;-1;0;-1;149;299;2;2.95;200;583;-1;0;
200;-1;0.19899999999999998;0.054;0.145;0.0;47;-1;0;-1;140;278;2;2.955;200;571;-1;0;
200;-1;0.303;0.187;0.115;0.001;48;-1;0;-1;167;349;2;2.955;200;568;-1;0;
200;-1;0.28900000000000003;0.156;0.132;0.001;48;-1;0;-1;168;368;2;2.95;200;587;-1;0;
200;-1;0.21100000000000002;0.094;0.116;0.001;48;-1;0;-1;160;313;2;2.95;200;539;-1;0;
200;-1;0.217;0.093;0.123;0.001;48;-1;0;-1;167;355;2;2.955;200;567;-1;0;
200;-1;0.255;0.094;0.16;0.001;48;-1;0;-1;140;289;2;2.95;200;581;-1;0;
200;-1;0.21100000000000002;0.063;0.137;0.011;48;-1;0;-1;171;377;2;2.95;200;581;-1;0;
200;-1;0.202;0.078;0.123;0.001;48;-1;0;-1;170;360;2;2.95;200;576;-1;0;
200;-1;0.21400000000000002;0.078;0.135;0.001;48;-1;0;-1;159;334;2;2.955;200;569;-1;0;
200;-1;0.179;0.047;0.132;0.0;48;-1;0;-1;149;299;2;2.95;200;583;-1;0;
200;-1;0.19;0.054;0.136;0.0;48;-1;0;-1;140;278;2;2.955;200;571;-1;0;
200;-1;0.296;0.187;0.108;0.001;49;-1;0;-1;167;349;2;2.955;200;568;-1;0;
200;-1;0.29500000000000004;0.156;0.138;0.001;49;-1;0;-1;168;368;2;2.95;200;587;-1;0;
200;-1;0.20500000000000002;0.094;0.111;0.0;49;-1;0;-1;160;313;2;2.95;200;539;-1;0;
200;-1;0.21100000000000002;0.093;0.117;0.001;49;-1;0;-1;167;355;2;2.955;200;567;-1;0;
200;-1;0.233;0.094;0.138;0.001;49;-1;0;-1;140;289;2;2.95;200;581;-1;0;
200;-1;0.173;0.063;0.109;0.001;49;-1;0;-1;171;377;2;2.95;200;581;-1;0;
200;-1;0.202;0.078;0.123;0.001;49;-1;0;-1;170;360;2;2.95;200;576;-1;0;
200;-1;0.203;0.078;0.124;0.001;49;-1;0;-1;159;334;2;2.955;200;569;-1;0;
200;-1;0.185;0.047;0.137;0.001;49;-1;0;-1;149;299;2;2.95;200;583;-1;0;
200;-1;0.19899999999999998;0.054;0.144;0.001;49;-1;0;-1;140;278;2;2.955;200;571;-1;0;
200;-1;0.28800000000000003;0.187;0.101;0.0;50;-1;0;-1;167;349;2;2.955;200;568;-1;0;
200;-1;0.28200000000000003;0.156;0.125;0.001;50;-1;0;-1;168;368;2;2.95;200;587;-1;0;
200;-1;0.20800000000000002;0.094;0.113;0.001;50;-1;0;-1;160;313;2;2.95;200;539;-1;0;
200;-1;0.20600000000000002;0.093;0.113;0.0;50;-1;0;-1;167;355;2;2.955;200;567;-1;0;
200;-1;0.18;0.094;0.086;0.0;50;-1;0;-1;187;428;2;2.95;200;581;-1;0;
200;-1;0.19;0.063;0.126;0.001;50;-1;0;-1;171;377;2;2.95;200;581;-1;0;
200;-1;0.196;0.078;0.118;0.0;50;-1;0;-1;170;360;2;2.95;200;576;-1;0;
200;-1;0.21700000000000003;0.078;0.138;0.001;50;-1;0;-1;159;334;2;2.955;200;569;-1;0;
200;-1;0.14600000000000002;0.047;0.098;0.001;50;-1;0;-1;173;369;2;2.95;200;583;-1;0;
200;-1;0.202;0.054;0.132;0.016;50;-1;0;-1;140;278;2;2.955;200;571;-1;0;
200;-1;0.306;0.187;0.119;0.0;51;-1;0;-1;167;349;2;2.955;200;568;-1;0;
200;-1;0.29200000000000004;0.156;0.136;0.0;51;-1;0;-1;168;368;2;2.95;200;587;-1;0;
200;-1;0.20600000000000002;0.094;0.111;0.001;51;-1;0;-1;160;313;2;2.95;200;539;-1;0;
200;-1;0.20500000000000002;0.093;0.111;0.001;51;-1;0;-1;167;355;2;2.955;200;567;-1;0;
200;-1;0.16499999999999998;0.094;0.071;0.0;51;-1;0;-1;187;428;2;2.95;200;581;-1;0;
200;-1;0.137;0.063;0.073;0.001;51;-1;0;-1;189;444;2;2.95;200;581;-1;0;
200;-1;0.196;0.078;0.117;0.001;51;-1;0;-1;170;360;2;2.95;200;576;-1;0;
200;-1;0.20800000000000002;0.078;0.116;0.014;51;-1;0;-1;159;334;2;2.955;200;569;-1;0;
200;-1;0.14900000000000002;0.047;0.101;0.001;51;-1;0;-1;173;369;2;2.95;200;583;-1;0;
200;-1;0.175;0.054;0.12;0.001;51;-1;0;-1;166;348;2;2.955;200;571;-1;0;
200;-1;0.295;0.187;0.107;0.001;52;-1;0;-1;167;349;2;2.955;200;568;-1;0;
200;-1;0.29000000000000004;0.156;0.133;0.001;52;-1;0;-1;168;368;2;2.95;200;587;-1;0;
200;-1;0.203;0.094;0.108;0.001;52;-1;0;-1;160;313;2;2.95;200;539;-1;0;
200;-1;0.20900000000000002;0.093;0.115;0.001;52;-1;0;-1;167;355;2;2.955;200;567;-1;0;
200;-1;0.175;0.094;0.08;0.001;52;-1;0;-1;187;428;2;2.95;200;581;-1;0;
200;-1;0.126;0.063;0.063;0.0;52;-1;0;-1;189;444;2;2.95;200;581;-1;0;
200;-1;0.2;0.078;0.121;0.001;52;-1;0;-1;170;360;2;2.95;200;576;-1;0;
200;-1;0.21400000000000002;0.078;0.136;0.0;52;-1;0;-1;159;334;2;2.955;200;569;-1;0;
200;-1;0.14400000000000002;0.047;0.096;0.001;52;-1;0;-1;173;369;2;2.95;200;583;-1;0;
200;-1;0.177;0.054;0.122;0.001;52;-1;0;-1;166;348;2;2.955;200;571;-1;0;
200;-1;0.28500000000000003;0.187;0.098;0.0;53;-1;0;-1;167;349;2;2.955;200;568;-1;0;
200;-1;0.279;0.156;0.123;0.0;53;-1;0;-1;168;368;2;2.95;200;587;-1;0;
200;-1;0.201;0.094;0.107;0.0;53;-1;0;-1;160;313;2;2.95;200;539;-1;0;
200;-1;0.20700000000000002;0.093;0.114;0.0;53;-1;0;-1;167;355;2;2.955;200;567;-1;0;
200;-1;0.173;0.094;0.079;0.0;53;-1;0;-1;187;428;2;2.95;200;581;-1;0;
200;-1;0.137;0.063;0.074;0.0;53;-1;0;-1;189;444;2;2.95;200;581;-1;0;
200;-1;0.2;0.078;0.122;0.0;53;-1;0;-1;170;360;2;2.95;200;576;-1;0;
200;-1;0.202;0.078;0.124;0.0;53;-1;0;-1;159;334;2;2.955;200;569;-1;0;
200;-1;0.151;0.047;0.103;0.001;53;-1;0;-1;173;369;2;2.95;200;583;-1;0;
200;-1;0.163;0.054;0.108;0.001;53;-1;0;-1;166;348;2;2.955;200;571;-1;0;
200;-1;0.266;0.187;0.079;0.0;54;-1;0;-1;186;417;2;2.955;200;568;-1;0;
200;-1;0.298;0.156;0.141;0.001;54;-1;0;-1;168;368;2;2.95;200;587;-1;0;
200;-1;0.20400000000000001;0.094;0.109;0.001;54;-1;0;-1;160;313;2;2.95;200;539;-1;0;
200;-1;0.213;0.093;0.119;0.001;54;-1;0;-1;167;355;2;2.955;200;567;-1;0;
200;-1;0.154;0.094;0.06;0.0;54;-1;0;-1;187;428;2;2.95;200;581;-1;0;
200;-1;0.129;0.063;0.065;0.001;54;-1;0;-1;189;444;2;2.95;200;581;-1;0;
200;-1;0.178;0.078;0.099;0.001;54;-1;0;-1;170;360;2;2.95;200;576;-1;0;
200;-1;0.177;0.078;0.099;0.0;54;-1;0;-1;179;403;2;2.955;200;569;-1;0;
200;-1;0.155;0.047;0.107;0.001;54;-1;0;-1;173;369;2;2.95;200;583;-1;0;
200;-1;0.125;0.054;0.07;0.001;54;-1;0;-1;189;422;2;2.955;200;571;-1;0;
200;-1;0.271;0.187;0.083;0.001;55;-1;0;-1;186;417;2;2.955;200;568;-1;0;
200;-1;0.28900000000000003;0.156;0.132;0.001;55;-1;0;-1;168;368;2;2.95;200;587;-1;0;
200;-1;0.22;0.094;0.125;0.001;55;-1;0;-1;160;313;2;2.95;200;539;-1;0;
200;-1;0.223;0.093;0.129;0.001;55;-1;0;-1;167;355;2;2.955;200;567;-1;0;
200;-1;0.165;0.094;0.07;0.001;55;-1;0;-1;187;428;2;2.95;200;581;-1;0;
200;-1;0.14;0.063;0.076;0.001;55;-1;0;-1;189;444;2;2.95;200;581;-1;0;
200;-1;0.157;0.078;0.078;0.001;55;-1;0;-1;187;430;2;2.95;200;576;-1;0;
200;-1;0.187;0.078;0.108;0.001;55;-1;0;-1;179;403;2;2.955;200;569;-1;0;
200;-1;0.152;0.047;0.105;0.0;55;-1;0;-1;173;369;2;2.95;200;583;-1;0;
200;-1;0.128;0.054;0.074;0.0;55;-1;0;-1;189;422;2;2.955;200;571;-1;0;
200;-1;0.264;0.187;0.077;0.0;56;-1;0;-1;186;417;2;2.955;200;568;-1;0;
200;-1;0.272;0.156;0.116;0.0;56;-1;0;-1;168;368;2;2.95;200;587;-1;0;
200;-1;0.185;0.094;0.091;0.0;56;-1;0;-1;160;313;2;2.95;200;539;-1;0;
200;-1;0.202;0.093;0.109;0.0;56;-1;0;-1;167;355;2;2.955;200;567;-1;0;
200;-1;0.16799999999999998;0.094;0.073;0.001;56;-1;0;-1;187;428;2;2.95;200;581;-1;0;
200;-1;0.14200000000000002;0.063;0.067;0.012;56;-1;0;-1;189;444;2;2.95;200;581;-1;0;
200;-1;0.154;0.078;0.076;0.0;56;-1;0;-1;187;430;2;2.95;200;576;-1;0;
200;-1;0.178;0.078;0.099;0.001;56;-1;0;-1;179;403;2;2.955;200;569;-1;0;
200;-1;0.151;0.047;0.103;0.001;56;-1;0;-1;173;369;2;2.95;200;583;-1;0;
200;-1;0.123;0.054;0.061;0.008;56;-1;0;-1;189;422;2;2.955;200;571;-1;0;
200;-1;0.261;0.187;0.074;0.0;57;-1;0;-1;186;417;2;2.955;200;568;-1;0;
200;-1;0.28;0.156;0.124;0.0;57;-1;0;-1;168;368;2;2.95;200;587;-1;0;
200;-1;0.21200000000000002;0.094;0.117;0.001;57;-1;0;-1;160;313;2;2.95;200;539;-1;0;
200;-1;0.217;0.093;0.123;0.001;57;-1;0;-1;167;355;2;2.955;200;567;-1;0;
200;-1;0.161;0.094;0.067;0.0;57;-1;0;-1;187;428;2;2.95;200;581;-1;0;
200;-1;0.14400000000000002;0.063;0.073;0.008;57;-1;0;-1;189;444;2;2.95;200;581;-1;0;
200;-1;0.154;0.078;0.075;0.001;57;-1;0;-1;187;430;2;2.95;200;576;-1;0;
200;-1;0.175;0.078;0.096;0.001;57;-1;0;-1;179;403;2;2.955;200;569;-1;0;
200;-1;0.158;0.047;0.111;0.0;57;-1;0;-1;173;369;2;2.95;200;583;-1;0;
200;-1;0.129;0.054;0.074;0.001;57;-1;0;-1;189;422;2;2.955;200;571;-1;0;
200;-1;0.253;0.187;0.066;0.0;58;-1;0;-1;186;417;2;2.955;200;568;-1;0;
200;-1;0.214;0.156;0.056;0.002;58;-1;0;-1;193;448;2;2.95;200;587;-1;0;
200;-1;0.198;0.094;0.103;0.001;58;-1;0;-1;179;385;2;2.95;200;539;-1;0;
200;-1;0.229;0.093;0.135;0.001;58;-1;0;-1;167;355;2;2.955;200;567;-1;0;
200;-1;0.16499999999999998;0.094;0.071;0.0;58;-1;0;-1;187;428;2;2.95;200;581;-1;0;
200;-1;0.139;0.063;0.074;0.002;58;-1;0;-1;189;444;2;2.95;200;581;-1;0;
200;-1;0.149;0.078;0.071;0.0;58;-1;0;-1;187;430;2;2.95;200;576;-1;0;
200;-1;0.193;0.078;0.114;0.001;58;-1;0;-1;179;403;2;2.955;200;569;-1;0;
200;-1;0.14800000000000002;0.047;0.1;0.001;58;-1;0;-1;173;369;2;2.95;200;583;-1;0;
200;-1;0.127;0.054;0.072;0.001;58;-1;0;-1;189;422;2;2.955;200;571;-1;0;
200;-1;0.261;0.187;0.074;0.0;59;-1;0;-1;186;417;2;2.955;200;568;-1;0;
200;-1;0.201;0.156;0.044;0.001;59;-1;0;-1;193;448;2;2.95;200;587;-1;0;
200;-1;0.187;0.094;0.092;0.001;59;-1;0;-1;179;385;2;2.95;200;539;-1;0;
200;-1;0.211;0.093;0.118;0.0;59;-1;0;-1;167;355;2;2.955;200;567;-1;0;
200;-1;0.174;0.094;0.08;0.0;59;-1;0;-1;187;428;2;2.95;200;581;-1;0;
200;-1;0.096;0.063;0.032;0.001;59;-1;0;-1;198;511;2;2.95;200;581;-1;0;
200;-1;0.151;0.078;0.073;0.0;59;-1;0;-1;187;430;2;2.95;200;576;-1;0;
200;-1;0.195;0.078;0.116;0.001;59;-1;0;-1;179;403;2;2.955;200;569;-1;0;
200;-1;0.16;0.047;0.113;0.0;59;-1;0;-1;173;369;2;2.95;200;583;-1;0;
200;-1;0.129;0.054;0.074;0.001;59;-1;0;-1;189;422;2;2.955;200;571;-1;0;
200;-1;0.276;0.187;0.089;0.0;60;-1;0;-1;186;417;2;2.955;200;568;-1;0;
200;-1;0.215;0.156;0.058;0.001;60;-1;0;-1;193;448;2;2.95;200;587;-1;0;
200;-1;0.184;0.094;0.09;0.0;60;-1;0;-1;179;385;2;2.95;200;539;-1;0;
200;-1;0.138;0.093;0.044;0.001;60;-1;0;-1;192;436;2;2.955;200;567;-1;0;
200;-1;0.175;0.094;0.081;0.0;60;-1;0;-1;187;428;2;2.95;200;581;-1;0;
200;-1;0.087;0.063;0.023;0.001;60;-1;0;-1;198;511;2;2.95;200;581;-1;0;
200;-1;0.16;0.078;0.081;0.001;60;-1;0;-1;187;430;2;2.95;200;576;-1;0;
200;-1;0.186;0.078;0.1;0.008;60;-1;0;-1;179;403;2;2.955;200;569;-1;0;
200;-1;0.14600000000000002;0.047;0.099;0.0;60;-1;0;-1;173;369;2;2.95;200;583;-1;0;
200;-1;0.12;0.054;0.066;0.0;60;-1;0;-1;189;422;2;2.955;200;571;-1;0;
200;-1;0.276;0.187;0.088;0.001;61;-1;0;-1;186;417;2;2.955;200;568;-1;0;
200;-1;0.213;0.156;0.056;0.001;61;-1;0;-1;193;448;2;2.95;200;587;-1;0;
200;-1;0.2;0.094;0.105;0.001;61;-1;0;-1;179;385;2;2.95;200;539;-1;0;
200;-1;0.115;0.093;0.016;0.006;61;-1;0;-1;199;503;2;2.955;200;567;-1;0;
200;-1;0.16999999999999998;0.094;0.075;0.001;61;-1;0;-1;187;428;2;2.95;200;581;-1;0;
200;-1;0.101;0.063;0.036;0.002;61;-1;0;-1;198;511;2;2.95;200;581;-1;0;
200;-1;0.159;0.078;0.081;0.0;61;-1;0;-1;187;430;2;2.95;200;576;-1;0;
200;-1;0.189;0.078;0.111;0.0;61;-1;0;-1;179;403;2;2.955;200;569;-1;0;
200;-1;0.08;0.047;0.032;0.001;61;-1;0;-1;198;512;2;2.95;200;583;-1;0;
200;-1;0.123;0.054;0.068;0.001;61;-1;0;-1;189;422;2;2.955;200;571;-1;0;
200;-1;0.268;0.187;0.081;0.0;62;-1;0;-1;186;417;2;2.955;200;568;-1;0;
200;-1;0.20600000000000002;0.156;0.049;0.001;62;-1;0;-1;193;448;2;2.95;200;587;-1;0;
200;-1;0.184;0.094;0.089;0.001;62;-1;0;-1;179;385;2;2.95;200;539;-1;0;
200;-1;0.119;0.093;0.025;0.001;62;-1;0;-1;199;503;2;2.955;200;567;-1;0;
200;-1;0.164;0.094;0.069;0.001;62;-1;0;-1;187;428;2;2.95;200;581;-1;0;
200;-1;0.08600000000000001;0.063;0.021;0.002;62;-1;0;-1;198;511;2;2.95;200;581;-1;0;
200;-1;0.162;0.078;0.083;0.001;62;-1;0;-1;187;430;2;2.95;200;576;-1;0;
200;-1;0.19;0.078;0.104;0.008;62;-1;0;-1;179;403;2;2.955;200;569;-1;0;
200;-1;0.08;0.047;0.033;0.0;62;-1;0;-1;198;512;2;2.95;200;583;-1;0;
200;-1;0.122;0.054;0.067;0.001;62;-1;0;-1;189;422;2;2.955;200;571;-1;0;
200;-1;0.26;0.187;0.072;0.001;63;-1;0;-1;186;417;2;2.955;200;568;-1;0;
200;-1;0.183;0.156;0.026;0.001;63;-1;0;-1;199;516;2;2.95;200;587;-1;0;
200;-1;0.189;0.094;0.095;0.0;63;-1;0;-1;179;385;2;2.95;200;539;-1;0;
200;-1;0.11699999999999999;0.093;0.024;0.0;63;-1;0;-1;199;503;2;2.955;200;567;-1;0;
200;-1;0.18;0.094;0.085;0.001;63;-1;0;-1;187;428;2;2.95;200;581;-1;0;
200;-1;0.09499999999999999;0.063;0.023;0.009;63;-1;0;-1;198;511;2;2.95;200;581;-1;0;
200;-1;0.16799999999999998;0.078;0.089;0.001;63;-1;0;-1;187;430;2;2.95;200;576;-1;0;
200;-1;0.186;0.078;0.108;0.0;63;-1;0;-1;179;403;2;2.955;200;569;-1;0;
200;-1;0.07700000000000001;0.047;0.023;0.007;63;-1;0;-1;198;512;2;2.95;200;583;-1;0;
200;-1;0.118;0.054;0.064;0.0;63;-1;0;-1;189;422;2;2.955;200;571;-1;0;
200;-1;0.267;0.187;0.069;0.011;64;-1;0;-1;186;417;2;2.955;200;568;-1;0;
200;-1;0.177;0.156;0.021;0.0;64;-1;0;-1;199;516;2;2.95;200;587;-1;0;
200;-1;0.187;0.094;0.092;0.001;64;-1;0;-1;179;385;2;2.95;200;539;-1;0;
200;-1;0.116;0.093;0.021;0.002;64;-1;0;-1;199;503;2;2.955;200;567;-1;0;
200;-1;0.177;0.094;0.072;0.011;64;-1;0;-1;187;428;2;2.95;200;581;-1;0;
200;-1;0.086;0.063;0.023;0.0;64;-1;0;-1;198;511;2;2.95;200;581;-1;0;
200;-1;0.156;0.078;0.077;0.001;64;-1;0;-1;187;430;2;2.95;200;576;-1;0;
200;-1;0.186;0.078;0.107;0.001;64;-1;0;-1;179;403;2;2.955;200;569;-1;0;
200;-1;0.08;0.047;0.029;0.004;64;-1;0;-1;198;512;2;2.95;200;583;-1;0;
200;-1;0.126;0.054;0.065;0.007;64;-1;0;-1;189;422;2;2.955;200;571;-1;0;
200;-1;0.263;0.187;0.076;0.0;65;-1;0;-1;186;417;2;2.955;200;568;-1;0;
200;-1;0.183;0.156;0.023;0.004;65;-1;0;-1;199;516;2;2.95;200;587;-1;0;
200;-1;0.172;0.094;0.077;0.001;65;-1;0;-1;179;385;2;2.95;200;539;-1;0;
200;-1;-1.0;0.093;0.023;1794.235;65;-1;0;-1;199;567;2;2.955;200;567;-1;1;
200;-1;0.156;0.094;0.062;0.0;65;-1;0;-1;187;428;2;2.95;200;581;-1;0;
200;-1;0.079;0.063;0.016;0.0;65;-1;0;-1;198;511;2;2.95;200;581;-1;0;
200;-1;0.156;0.078;0.078;0.0;65;-1;0;-1;187;430;2;2.95;200;576;-1;0;
200;-1;0.187;0.078;0.109;0.0;65;-1;0;-1;179;403;2;2.955;200;569;-1;0;
200;-1;0.078;0.047;0.031;0.0;65;-1;0;-1;198;512;2;2.95;200;583;-1;0;
200;-1;0.11699999999999999;0.054;0.063;0.0;65;-1;0;-1;189;422;2;2.955;200;571;-1;0;
200;-1;0.265;0.187;0.078;0.0;66;-1;0;-1;186;417;2;2.955;200;568;-1;0;
200;-1;0.187;0.156;0.031;0.0;66;-1;0;-1;199;516;2;2.95;200;587;-1;0;
200;-1;0.203;0.094;0.109;0.0;66;-1;0;-1;179;385;2;2.95;200;539;-1;0;
200;-1;-1.0;0.093;0.0;0.0;66;-1;0;-1;-1;-1;2;2.955;200;567;-1;1;
200;-1;0.157;0.094;0.063;0.0;66;-1;0;-1;187;428;2;2.95;200;581;-1;0;
200;-1;0.078;0.063;0.015;0.0;66;-1;0;-1;198;511;2;2.95;200;581;-1;0;
200;-1;0.093;0.078;0.015;0.0;66;-1;0;-1;198;506;2;2.95;200;576;-1;0;
200;-1;0.172;0.078;0.094;0.0;66;-1;0;-1;179;403;2;2.955;200;569;-1;0;
200;-1;0.078;0.047;0.031;0.0;66;-1;0;-1;198;512;2;2.95;200;583;-1;0;
200;-1;0.117;0.054;0.047;0.016;66;-1;0;-1;189;422;2;2.955;200;571;-1;0;
200;-1;0.203;0.187;0.016;0.0;67;-1;0;-1;197;494;2;2.955;200;568;-1;0;
200;-1;0.172;0.156;0.016;0.0;67;-1;0;-1;199;516;2;2.95;200;587;-1;0;
200;-1;0.125;0.094;0.031;0.0;67;-1;0;-1;196;467;2;2.95;200;539;-1;0;
200;-1;-1.0;0.093;0.0;0.0;67;-1;0;-1;-1;-1;2;2.955;200;567;-1;1;
200;-1;0.156;0.094;0.062;0.0;67;-1;0;-1;187;428;2;2.95;200;581;-1;0;
200;-1;0.095;0.063;0.032;0.0;67;-1;0;-1;198;511;2;2.95;200;581;-1;0;
200;-1;0.093;0.078;0.015;0.0;67;-1;0;-1;198;506;2;2.95;200;576;-1;0;
200;-1;0.156;0.078;0.078;0.0;67;-1;0;-1;179;403;2;2.955;200;569;-1;0;
200;-1;0.078;0.047;0.031;0.0;67;-1;0;-1;198;512;2;2.95;200;583;-1;0;
200;-1;0.07;0.054;0.016;0.0;67;-1;0;-1;198;497;2;2.955;200;571;-1;0;
200;-1;0.202;0.187;0.015;0.0;68;-1;0;-1;197;494;2;2.955;200;568;-1;0;
200;-1;0.187;0.156;0.031;0.0;68;-1;0;-1;199;516;2;2.95;200;587;-1;0;
200;-1;0.126;0.094;0.032;0.0;68;-1;0;-1;196;467;2;2.95;200;539;-1;0;
200;-1;-1.0;0.093;0.0;0.0;68;-1;0;-1;-1;-1;2;2.955;200;567;-1;1;
200;-1;0.109;0.094;0.015;0.0;68;-1;0;-1;199;507;2;2.95;200;581;-1;0;
200;-1;0.094;0.063;0.031;0.0;68;-1;0;-1;198;511;2;2.95;200;581;-1;0;
200;-1;0.11;0.078;0.032;0.0;68;-1;0;-1;198;506;2;2.95;200;576;-1;0;
200;-1;0.156;0.078;0.078;0.0;68;-1;0;-1;179;403;2;2.955;200;569;-1;0;
200;-1;0.079;0.047;0.032;0.0;68;-1;0;-1;198;512;2;2.95;200;583;-1;0;
200;-1;0.069;0.054;0.015;0.0;68;-1;0;-1;198;497;2;2.955;200;571;-1;0;
200;-1;0.218;0.187;0.031;0.0;69;-1;0;-1;197;494;2;2.955;200;568;-1;0;
200;-1;0.188;0.156;0.032;0.0;69;-1;0;-1;199;516;2;2.95;200;587;-1;0;
200;-1;0.125;0.094;0.031;0.0;69;-1;0;-1;196;467;2;2.95;200;539;-1;0;
200;-1;-1.0;0.093;0.0;0.0;69;-1;0;-1;-1;-1;2;2.955;200;567;-1;1;
200;-1;0.11;0.094;0.016;0.0;69;-1;0;-1;199;507;2;2.95;200;581;-1;0;
200;-1;0.094;0.063;0.031;0.0;69;-1;0;-1;198;511;2;2.95;200;581;-1;0;
200;-1;0.109;0.078;0.031;0.0;69;-1;0;-1;198;506;2;2.95;200;576;-1;0;
200;-1;0.156;0.078;0.078;0.0;69;-1;0;-1;179;403;2;2.955;200;569;-1;0;
200;-1;0.078;0.047;0.031;0.0;69;-1;0;-1;198;512;2;2.95;200;583;-1;0;
200;-1;0.07;0.054;0.016;0.0;69;-1;0;-1;198;497;2;2.955;200;571;-1;0;
200;-1;0.202;0.187;0.015;0.0;70;-1;0;-1;197;494;2;2.955;200;568;-1;0;
200;-1;0.188;0.156;0.032;0.0;70;-1;0;-1;199;516;2;2.95;200;587;-1;0;
200;-1;-1.0;0.094;0.015;1794.654;70;-1;0;-1;199;539;2;2.95;200;539;-1;1;
200;-1;-1.0;0.093;0.0;0.0;70;-1;0;-1;-1;-1;2;2.955;200;567;-1;1;
200;-1;0.11;0.094;0.016;0.0;70;-1;0;-1;199;507;2;2.95;200;581;-1;0;
200;-1;-1.0;0.063;0.031;1794.658;70;-1;0;-1;199;581;2;2.95;200;581;-1;1;
200;-1;-1.0;0.078;0.015;1794.478;70;-1;0;-1;199;576;2;2.95;200;576;-1;1;
200;-1;0.172;0.078;0.094;0.0;70;-1;0;-1;179;403;2;2.955;200;569;-1;0;
200;-1;0.078;0.047;0.031;0.0;70;-1;0;-1;198;512;2;2.95;200;583;-1;0;
200;-1;0.08499999999999999;0.054;0.031;0.0;70;-1;0;-1;198;497;2;2.955;200;571;-1;0;
200;-1;0.218;0.187;0.031;0.0;71;-1;0;-1;197;494;2;2.955;200;568;-1;0;
200;-1;0.187;0.156;0.031;0.0;71;-1;0;-1;199;516;2;2.95;200;587;-1;0;
200;-1;-1.0;0.094;0.0;0.0;71;-1;0;-1;-1;-1;2;2.95;200;539;-1;1;
200;-1;-1.0;0.093;0.0;0.0;71;-1;0;-1;-1;-1;2;2.955;200;567;-1;1;
200;-1;0.126;0.094;0.016;0.016;71;-1;0;-1;199;507;2;2.95;200;581;-1;0;
200;-1;-1.0;0.063;0.0;0.0;71;-1;0;-1;-1;-1;2;2.95;200;581;-1;1;
200;-1;-1.0;0.078;0.0;0.0;71;-1;0;-1;-1;-1;2;2.95;200;576;-1;1;
200;-1;0.109;0.078;0.031;0.0;71;-1;0;-1;196;490;2;2.955;200;569;-1;0;
200;-1;-1.0;0.047;0.016;1794.376;71;-1;0;-1;199;583;2;2.95;200;583;-1;1;
200;-1;0.07;0.054;0.016;0.0;71;-1;0;-1;198;497;2;2.955;200;571;-1;0;
200;-1;0.218;0.187;0.031;0.0;72;-1;0;-1;197;494;2;2.955;200;568;-1;0;
200;-1;-1.0;0.156;0.031;1793.529;72;-1;0;-1;199;587;2;2.95;200;587;-1;1;
200;-1;-1.0;0.094;0.0;0.0;72;-1;0;-1;-1;-1;2;2.95;200;539;-1;1;
200;-1;-1.0;0.093;0.0;0.0;72;-1;0;-1;-1;-1;2;2.955;200;567;-1;1;
200;-1;0.11;0.094;0.016;0.0;72;-1;0;-1;199;507;2;2.95;200;581;-1;0;
200;-1;-1.0;0.063;0.0;0.0;72;-1;0;-1;-1;-1;2;2.95;200;581;-1;1;
200;-1;-1.0;0.078;0.0;0.0;72;-1;0;-1;-1;-1;2;2.95;200;576;-1;1;
200;-1;0.109;0.078;0.031;0.0;72;-1;0;-1;196;490;2;2.955;200;569;-1;0;
200;-1;-1.0;0.047;0.0;0.0;72;-1;0;-1;-1;-1;2;2.95;200;583;-1;1;
200;-1;0.086;0.054;0.032;0.0;72;-1;0;-1;198;497;2;2.955;200;571;-1;0;
200;-1;-1.0;0.187;0.015;1794.436;73;-1;0;-1;199;568;2;2.955;200;568;-1;1;
200;-1;-1.0;0.156;0.0;0.0;73;-1;0;-1;-1;-1;2;2.95;200;587;-1;1;
200;-1;-1.0;0.094;0.0;0.0;73;-1;0;-1;-1;-1;2;2.95;200;539;-1;1;
200;-1;-1.0;0.093;0.0;0.0;73;-1;0;-1;-1;-1;2;2.955;200;567;-1;1;
200;-1;0.11;0.094;0.016;0.0;73;-1;0;-1;199;507;2;2.95;200;581;-1;0;
200;-1;-1.0;0.063;0.0;0.0;73;-1;0;-1;-1;-1;2;2.95;200;581;-1;1;
200;-1;-1.0;0.078;0.0;0.0;73;-1;0;-1;-1;-1;2;2.95;200;576;-1;1;
200;-1;0.125;0.078;0.047;0.0;73;-1;0;-1;196;490;2;2.955;200;569;-1;0;
200;-1;-1.0;0.047;0.0;0.0;73;-1;0;-1;-1;-1;2;2.95;200;583;-1;1;
200;-1;0.08499999999999999;0.054;0.031;0.0;73;-1;0;-1;198;497;2;2.955;200;571;-1;0;
200;-1;-1.0;0.187;0.0;0.0;74;-1;0;-1;-1;-1;2;2.955;200;568;-1;1;
200;-1;-1.0;0.156;0.0;0.0;74;-1;0;-1;-1;-1;2;2.95;200;587;-1;1;
200;-1;-1.0;0.094;0.0;0.0;74;-1;0;-1;-1;-1;2;2.95;200;539;-1;1;
200;-1;-1.0;0.093;0.0;0.0;74;-1;0;-1;-1;-1;2;2.955;200;567;-1;1;
200;-1;0.125;0.094;0.031;0.0;74;-1;0;-1;199;507;2;2.95;200;581;-1;0;
200;-1;-1.0;0.063;0.0;0.0;74;-1;0;-1;-1;-1;2;2.95;200;581;-1;1;
200;-1;-1.0;0.078;0.0;0.0;74;-1;0;-1;-1;-1;2;2.95;200;576;-1;1;
200;-1;0.125;0.078;0.047;0.0;74;-1;0;-1;196;490;2;2.955;200;569;-1;0;
200;-1;-1.0;0.047;0.0;0.0;74;-1;0;-1;-1;-1;2;2.95;200;583;-1;1;
200;-1;-1.0;0.054;0.031;1794.38;74;-1;0;-1;199;571;2;2.955;200;571;-1;1;
200;-1;-1.0;0.187;0.0;0.0;75;-1;0;-1;-1;-1;2;2.955;200;568;-1;1;
200;-1;-1.0;0.156;0.0;0.0;75;-1;0;-1;-1;-1;2;2.95;200;587;-1;1;
200;-1;-1.0;0.094;0.0;0.0;75;-1;0;-1;-1;-1;2;2.95;200;539;-1;1;
200;-1;-1.0;0.093;0.0;0.0;75;-1;0;-1;-1;-1;2;2.955;200;567;-1;1;
200;-1;-1.0;0.094;0.015;1794.416;75;-1;0;-1;199;581;2;2.95;200;581;-1;1;
200;-1;-1.0;0.063;0.0;0.0;75;-1;0;-1;-1;-1;2;2.95;200;581;-1;1;
200;-1;-1.0;0.078;0.0;0.0;75;-1;0;-1;-1;-1;2;2.95;200;576;-1;1;
200;-1;0.11;0.078;0.032;0.0;75;-1;0;-1;196;490;2;2.955;200;569;-1;0;
200;-1;-1.0;0.047;0.0;0.0;75;-1;0;-1;-1;-1;2;2.95;200;583;-1;1;
200;-1;-1.0;0.054;0.0;0.0;75;-1;0;-1;-1;-1;2;2.955;200;571;-1;1;
200;-1;-1.0;0.187;0.0;0.0;76;-1;0;-1;-1;-1;2;2.955;200;568;-1;1;
200;-1;-1.0;0.156;0.0;0.0;76;-1;0;-1;-1;-1;2;2.95;200;587;-1;1;
200;-1;-1.0;0.094;0.0;0.0;76;-1;0;-1;-1;-1;2;2.95;200;539;-1;1;
200;-1;-1.0;0.093;0.0;0.0;76;-1;0;-1;-1;-1;2;2.955;200;567;-1;1;
200;-1;-1.0;0.094;0.0;0.0;76;-1;0;-1;-1;-1;2;2.95;200;581;-1;1;
200;-1;-1.0;0.063;0.0;0.0;76;-1;0;-1;-1;-1;2;2.95;200;581;-1;1;
200;-1;-1.0;0.078;0.0;0.0;76;-1;0;-1;-1;-1;2;2.95;200;576;-1;1;
200;-1;0.14;0.078;0.046;0.016;76;-1;0;-1;196;490;2;2.955;200;569;-1;0;
200;-1;-1.0;0.047;0.0;0.0;76;-1;0;-1;-1;-1;2;2.95;200;583;-1;1;
200;-1;-1.0;0.054;0.0;0.0;76;-1;0;-1;-1;-1;2;2.955;200;571;-1;1;
200;-1;-1.0;0.187;0.0;0.0;77;-1;0;-1;-1;-1;2;2.955;200;568;-1;1;
200;-1;-1.0;0.156;0.0;0.0;77;-1;0;-1;-1;-1;2;2.95;200;587;-1;1;
200;-1;-1.0;0.094;0.0;0.0;77;-1;0;-1;-1;-1;2;2.95;200;539;-1;1;
200;-1;-1.0;0.093;0.0;0.0;77;-1;0;-1;-1;-1;2;2.955;200;567;-1;1;
200;-1;-1.0;0.094;0.0;0.0;77;-1;0;-1;-1;-1;2;2.95;200;581;-1;1;
200;-1;-1.0;0.063;0.0;0.0;77;-1;0;-1;-1;-1;2;2.95;200;581;-1;1;
200;-1;-1.0;0.078;0.0;0.0;77;-1;0;-1;-1;-1;2;2.95;200;576;-1;1;
200;-1;-1.0;0.078;0.015;1792.58;77;-1;0;-1;199;569;2;2.955;200;569;-1;1;
200;-1;-1.0;0.047;0.0;0.0;77;-1;0;-1;-1;-1;2;2.95;200;583;-1;1;
200;-1;-1.0;0.054;0.0;0.0;77;-1;0;-1;-1;-1;2;2.955;200;571;-1;1;
